pagesCount,wordCount,fileSize,author,title,createdDate,category
3,1350,9450,Mrs. Jerri Larsen,turkey-kingstown-20190920-press  ,1982-10-13T20:54:49.000Z,other
101,47975,335825,Ms Dee Tapia, Managed services agreement,2017-10-03T18:57:43.000Z,sales
1537,833054,4165270,Mister Miquel Bond,{X},1985-05-12T17:23:06.000Z,other
13,8281,99372,Mr. Darren Howell,energy-legal-172-mongolia,1997-01-28T17:42:34.000Z,legal
1896,919560,4597800,Mr Modesto Watts,Functional Spec,2001-09-28T17:55:36.000Z,other
4,1800,12600,Miss Marci Sloan,PASSWORD1,2007-09-12T09:50:16.000Z,other
32,22016,308224,Mrs Mary Moses,myanmar-his,1984-12-12T17:31:54.000Z,legal
66,28776,172656,Mrs. Georgina Holder,Intellectual Property Licence and Services Agreement,2019-01-07T13:28:26.000Z,sales
2,958,5748,Mrs. Maxine Gallagher, roland-hussey-macy_expect_5314_austria_mobile_muscat_lg,1998-01-25T18:38:34.000Z,other
1400,711200,4267200,Ms. Cheryl Cantrell,final agreement,2004-11-11T06:06:39.000Z,other
5,3695,44340,Ms Claire Kline, robert-conrad_health_2019-09-20_micronesia_moroni,1996-11-19T15:35:34.000Z,legal
41,4838,33866,Mrs Paige Harrington,basseterre_help_nepal_14758_michael-crichton,2011-01-15T21:44:27.000Z,hr
50,24500,147000,Mrs Alicia Charles,SCHEDULE: STATEMENT OF WORK  ,2019-07-18T06:07:23.000Z,sales
15,9630,115560,Ms. Leonor Ross,CONFIDENTIALITY AGREEMENT,1996-01-13T00:37:05.000Z,legal
15,9375,121875,Mrs Petra Colon,montenegro-anthony-geary-footer-san-jose-13393,2004-07-13T14:34:28.000Z,legal
3,1389,9723,Mister Douglass Santana, IMPORTANT INFORMATION,2004-07-02T04:33:29.000Z,other
8,5032,70448,Miss Marilyn Knight, debate-bottom-america-damascus,2002-02-16T23:36:38.000Z,legal
724,314216,1571080,Mrs. Luann Bowen,buenos-aires_handsome_radio_algeria_guy-lombardo  ,2001-08-20T06:55:29.000Z,other
134,61908,309540,Mr Kareem Rosenberg,stanley-2019-696-software-mere-andy-warhol,2010-10-02T11:18:18.000Z,sales
119,117215,820505,Mr. Neville Hicks,Agreement to lease the premises,2004-12-10T03:50:48.000Z,admin
2,1082,5410,Mrs. Crystal Mcmillan, guinea-bissau_emma-watson_gender,1985-06-29T00:03:09.000Z,other
148,57424,287120,Mr Garrett Flynn,MASTER SUBSCRIPTION AGREEMENT,2017-11-30T15:32:24.000Z,sales
84,40488,202440,Ms Elaine Hernandez,episkopi-cantonment-data-2019-09-20,2010-05-29T03:12:52.000Z,sales
1587,672888,3364440,Mister Patrick Sanders,Julius Caesar  ,2014-10-05T01:32:29.000Z,other
13,8268,115752,Ms Chandra Pham,Agreement Terms  ,2009-01-21T22:50:14.000Z,legal
109,37387,186935,Mr Foster Mcpherson,Master Purchase Agreement,2006-08-01T10:26:48.000Z,sales
48,8160,40800,Mrs Natalie Gomez,PERSONAL TRAINING CONTRACT / AGREEMENT  ,2014-05-08T14:00:20.000Z,hr
1,501,2505,Mister Titus Patton,Bus Timetable,2005-12-26T10:04:51.000Z,other
4,1800,9000,Mr Milford Alvarado,individually packed meals  ,2007-10-21T06:50:37.000Z,other
54,24732,173124,Mr. Edward Wolf,nigeria_drama_bangui_5356_del-shannon_congress  ,1985-09-12T23:09:00.000Z,sales
124,38192,267344,Mister Dewey Padilla,19_entertainment,2019-08-21T19:58:50.000Z,sales
50,6550,39300,Ms. Violet Burgess, INDIVIDUAL EMPLOYMENT AGREEMENT,2011-05-21T15:14:51.000Z,hr
949,409968,2869776,Miss Paige Larocca,software-large-848-el-salvador,1983-07-27T09:24:03.000Z,other
1612,670592,4694144,Mr. Alan Lee,Julius Caesar,2004-03-30T11:19:43.000Z,other
37,27380,383320,Ms Brittany Pruitt,uruguay_design,1989-04-13T14:54:17.000Z,legal
143,134277,1074216,Mr Chuck Rowland, Lease – Office,1996-12-21T06:45:29.000Z,admin
22,17446,226798,Mrs. Carla Leonard,math-azerbaijan-sukhumi-xs  ,1988-12-03T03:13:09.000Z,legal
106,48336,193344,Miss Cheryl Cantrell,germany_campaign_xl_903,2016-01-15T15:30:44.000Z,sales
11,1683,11781,Mrs Polly Gonzalez,software-20190920-xs-ed-oneill  ,1988-07-13T19:08:34.000Z,hr
905,487795,2438975,Mr. Mac Snyder,saint-kitts-and-nevis-19-sm-donna-fargo-religion-marine  ,2007-01-23T11:24:26.000Z,other
24,15240,152400,Ms Clarissa Vaughn,world_james-franciscus_congo  ,2019-03-13T12:08:59.000Z,legal
125,43875,175500,Ms Kathrine Mullins,Intellectual Property Licence and Services Agreement,2009-06-26T21:43:08.000Z,sales
48,7008,35040,Mrs. Josephine Douglas, PERSONAL TRAINING CONTRACT / AGREEMENT,2001-02-04T23:43:18.000Z,hr
135,128250,897750,Mrs. Jami Newton, Auckland Council,1996-09-27T11:57:39.000Z,admin
1300,548600,3840200,Mrs Claire Kline,Q-XXXX,2005-06-11T15:33:02.000Z,other
3,1527,7635,Mister Von Ford,individually packed meals,1993-01-20T12:49:55.000Z,other
91,28301,113204,Mrs. Estell Coats, Master Services Agreement,1985-05-07T20:29:25.000Z,sales
9,6615,85995,Mrs Freda Castaneda, bahamas-vintage-conakry,1996-03-23T03:53:55.000Z,legal
9,5832,75816,Ms Concetta Landry,Confidentiality agreement,1991-02-19T03:45:58.000Z,legal
67,29547,206829,Mister Everett Hackman,Software as a Service Subscription Agreement  ,1995-06-08T19:12:02.000Z,sales
13,10218,143052,Ms Leonor Ross,pavel-bure_navy_lg,2006-09-20T13:17:49.000Z,legal
25,4975,24875,Mrs. Margie Orr,Agreement to Terminate the Fixed-Term Employment Contract  ,2010-04-23T17:31:24.000Z,hr
210,194460,1555680,Mrs. Amparo Franco,jobs_haul_lg_bobby-hull,2018-09-29T12:29:40.000Z,admin
1216,499776,2498880,Mrs. Vicky Pratt,Functional Spec  ,1998-10-03T23:04:21.000Z,other
30,22800,273600,Ms Cindy Gentry,PARTNERSHIP AGREEMENT – TERMS OF TRADE,2000-01-12T01:49:52.000Z,legal
53,8692,60844,Miss Alicia Charles,WELCOME,1989-10-23T02:09:34.000Z,hr
3,1596,11172,Ms Alta Lyons,20190920-dodoma-4633-energy-ervin-magic-johnson-iraq  ,2004-08-15T03:55:27.000Z,other
4,2024,14168,Ms Kirstie Licata, Unknown,2001-05-25T09:36:27.000Z,other
2,856,4280,Mr. Tristan Carpenter,right-expected-35407-sudan-gisele-mackenzie-mining-xs,2003-09-02T00:15:15.000Z,other
1307,533256,2666280,Miss Dorthy Soto,left_tv_dorothy_dominican-republic,1998-02-21T00:19:37.000Z,other
1074,458598,2751588,Miss Mignon Billingsley,UNKNOWN  ,2009-02-24T02:47:32.000Z,other
988,447564,2685384,Miss Tamra Macias,radio_footer_medium_70112247  ,2008-01-24T16:51:29.000Z,other
52,9204,46020,Mrs Cheryl Cantrell,CONTRACTOR AGREEMENT  ,2016-09-07T11:32:55.000Z,hr
2,1074,7518,Mister Walton Drake,Specification for Software,2009-07-22T03:19:38.000Z,other
24,18456,184560,Ms. Marilyn Knight,MUTUAL CONFIDENTIALITY,1988-03-16T03:47:54.000Z,legal
12,7380,73800,Mr Ivan Mcdowell,MUTUAL NON-DISCLOSURE AGREEMENT,2009-03-31T16:48:49.000Z,legal
67,21842,152894,Mr. Ricardo Miller,SERVICES AGREEMENT  ,2013-08-24T01:06:49.000Z,sales
32,25248,252480,Mrs. Cherie Boyle,Confidentiality agreement  ,1992-11-06T19:52:48.000Z,legal
1397,582549,3495294,Mister Carlos Perez,header-estimated-billy-ray-cyrus-medium  ,1982-11-12T10:33:09.000Z,other
3,1596,9576,Ms Constance Mccormick, Password,2010-05-23T08:50:51.000Z,other
96,41664,249984,Mr Ethan Holland,SAAS Evaluation Agreement,1992-04-29T23:38:16.000Z,sales
139,62411,312055,Mrs Melba Sanders,Master Services Agreement  ,1994-06-29T15:02:27.000Z,sales
140,64680,452760,Mr. Samuel Cain,Statement of Work,1997-02-27T17:18:57.000Z,sales
249,237795,1902360,Mr. Maynard Juarez,previously_footer_bob-crane_sports_greece_kigali,2014-04-04T14:04:33.000Z,admin
32,23520,305760,Mrs Ida Ware,Mutual Confidentiality Agreement,1991-05-25T15:37:27.000Z,legal
1481,706437,3532185,Mr. Rudolph Ochoa,tv_martin-luther_190920_saint-lucia_kuala-lumpur  ,1991-07-04T18:18:11.000Z,other
121,56628,339768,Mr Joesph Velez,SCHEDULE: STATEMENT OF WORK  ,2019-02-17T00:30:07.000Z,sales
124,37200,148800,Mr. Jaime Pollard,AGREEMENT FOR SUPPLY OF SERVICES  ,2007-01-02T19:29:09.000Z,sales
1664,730496,5113472,Mister Kareem Morse,josh-golden-myanmar  ,1983-11-20T17:01:51.000Z,other
3,1548,10836,Mr Antwan Pennington,ulan-bator_myanmar_butch-cassidy_design_bottom,1985-04-30T07:08:42.000Z,other
735,381465,2670255,Mister Thad Mullins, important information,2013-07-06T02:58:41.000Z,other
1666,696388,4874716,Mister Ezra Trevino,1234,2019-04-18T00:16:59.000Z,other
22,3036,15180,Ms Rosemary Bray,india-law,2014-10-27T03:25:36.000Z,hr
184,165968,1327744,Mr. Lyndon Bridges, cte-divoire-apia,1996-02-23T15:20:57.000Z,admin
21,3696,18480,Mr. Adan Wyatt,Individual Employment Agreement  ,2016-05-23T15:48:50.000Z,hr
29,18676,205436,Miss Rhoda Everett,Confidentiality ￼￼agreement  ,2013-05-07T11:56:42.000Z,legal
19,12996,129960,Miss Leila Shelton, 027383-send-privacy-daniel-day-lewis-ouagadougou,1988-03-31T10:05:05.000Z,legal
1,404,2828,Mr Clifton Forest,___,1988-09-02T01:59:37.000Z,other
2,1094,6564,Miss Dona Lewis,AGREEMENT,2014-01-23T13:36:54.000Z,other
10,1970,11820,Miss Nanette Medina,Executive Individual Employment Agreement  ,1987-03-23T11:23:02.000Z,hr
4,2064,12384,Mister Lonnie Harrell,south-sudan-security  ,1981-04-03T16:52:51.000Z,other
2,1088,7616,Mr Jere Mcburney,space-guyana-column-top  ,2018-01-28T02:06:57.000Z,other
68,25840,180880,Mr. Yong Jennings,Software Licence Agreement,1989-06-22T16:47:00.000Z,sales
147,143178,1145424,Mr. Pablo Mcgahey,MANAGEMENT TERMS AND CONDITIONS  ,2017-12-13T17:41:37.000Z,admin
1647,787266,5510862,Ms Natalie Gomez, Password,2016-10-14T22:03:27.000Z,other
1,426,2130,Mr Marcel Mccarthy,afghanistan-history-sm-wild-bill-hickok,2016-12-18T04:20:23.000Z,other
237,223491,1787928,Mr. Isidro Wolfe,MANAGEMENT TERMS AND CONDITIONS  ,1987-09-24T12:48:10.000Z,admin
35,3885,19425,Mr Tad Hudson,Product Development | Programmer  ,1997-01-28T13:11:57.000Z,hr
33,26301,263010,Miss Crystal Mcmillan,CONFIDENTIALITY AGREEMENT,2017-12-28T00:23:18.000Z,legal
61,20130,80520,Mister Arturo Norman,health_19_botswana,1996-02-10T06:02:46.000Z,sales
3,1596,9576,Mr. Clemente Simon,privacy-rob-lowe-honor-saint-lucia,2003-11-09T09:53:23.000Z,other
4,1664,9984,Mr Dwayne Underwood,Copy of Receipts,2004-01-22T08:30:48.000Z,other
1399,625353,4377471,Ms. Kelsey Stone,Train timetable  ,2006-05-12T01:10:36.000Z,other
60,8460,50760,Mrs. Adrian Ayala,INDIVIDUAL EMPLOYMENT AGREEMENT,2013-10-01T21:02:23.000Z,hr
63,24822,99288,Ms Yesenia Bautista, Customer Agreement,2012-01-04T16:13:45.000Z,sales
31,4929,24645,Miss Heidy Dozal,INDEPENDENT CONTRACTOR SERVICES AGREEMENT,1996-01-17T14:41:57.000Z,hr
92,32568,227976,Mr. Clifton Frederick,Managed services agreement,2018-03-01T08:56:16.000Z,sales
1602,764154,3820770,Ms Constance Mccormick, non-fiction books,1998-03-20T10:54:38.000Z,other
3,1224,7344,Ms Freda Castaneda,Odyssey,1992-05-05T04:50:30.000Z,other
119,44387,177548,Mr. Jake Haak,SUPPORT SERVICES AGREEMENT,2018-12-09T02:26:23.000Z,sales
816,345984,1729920,Ms. Nikia Few,Iliad,2005-11-08T06:05:02.000Z,other
53,23055,115275,Mr. Kenton Woods,Customer Agreement  ,1981-01-20T05:37:26.000Z,sales
62,28644,143220,Mr. Santos Frazier,SAAS Evaluation Agreement  ,2019-03-26T11:45:52.000Z,sales
129,41280,206400,Mr. Billie Cameron,MASTER SERVICES AGREEMENT,2008-12-24T03:48:38.000Z,sales
2,1060,5300,Mrs. Carolina Ingram,world-herself-germany-large,1994-02-04T05:10:47.000Z,other
135,51570,309420,Mrs. Sharon Nolan,style_john-walsh_bucharest,1991-09-17T01:56:13.000Z,sales
38,28994,376922,Miss Tisha Snow,￼Confidentiality agreement,1986-04-26T17:31:26.000Z,legal
32,22528,247808,Mr. Anderson Schutte,MUTUAL NON-DISCLOSURE AGREEMENT,2001-06-20T23:31:51.000Z,legal
4,1864,13048,Mister Daren Hatfield,security_literally_toni-tennille  ,1986-03-12T14:55:48.000Z,other
2,942,6594,Mrs. Christa Keller,Untitled,2013-01-29T21:37:20.000Z,other
3,1638,9828,Ms Sheryl Flynn,Contract Sum:,2000-04-16T19:50:55.000Z,other
1627,769571,4617426,Mr. Ricardo Miller,st-helier-concerned-finance-sm-brazil,2015-08-13T16:51:34.000Z,other
3,1386,9702,Miss Lola Zavala,There and Back again,2010-02-17T04:29:17.000Z,other
58,28942,115768,Ms. Anne Maldonado,gabon_privacy_medium_2019-09-20_brazzaville_mariska-hargitay,1983-08-17T04:30:42.000Z,sales
3,1239,6195,Mr. Herman Santos,agreement,2010-04-11T20:29:24.000Z,other
76,25916,129580,Mr Jordon Mcdaniel, Subscription Agreement,1986-03-16T12:54:41.000Z,sales
17,12342,123420,Ms Vicky Pratt,limited liability company agreement,2015-06-11T18:21:34.000Z,legal
250,227250,1590750,Mr. Efrain Randolph,OFFICE LEASE AGREEMENT,1996-06-08T00:02:51.000Z,admin
43,6536,45752,Ms Allison Russell, Individual Employment Agreement,1996-03-19T09:56:10.000Z,hr
1406,680504,3402520,Mrs. Jodie Nunez,sports_botswana_camp_jeff-bezos  ,2010-12-12T22:13:08.000Z,other
34,3638,21828,Mr. Forrest Wilcox,INTERNAL COMPANY HANDBOOK,2018-03-29T13:28:41.000Z,hr
50,9650,57900,Mrs. Sherry Foster,INDIVIDUAL EMPLOYMENT AGREEMENT,1992-06-07T08:49:56.000Z,hr
11,1342,9394,Mr Cleveland Hammond,EMPLOYMENT AGREEMENT,1983-01-06T07:15:39.000Z,hr
148,49728,248640,Mrs Sheri Branch,kuala-lumpur-19-south-korea-,2006-06-08T07:13:26.000Z,sales
38,26068,338884,Miss Jerri Larsen,limited liability company agreement  ,2019-09-02T10:30:36.000Z,legal
1543,674291,4720037,Mister Stuart Armstrong,Fiction Book,2016-10-26T04:34:49.000Z,other
4,1888,13216,Mister Wilfred Stuart,senegal_sea,1997-06-03T01:43:47.000Z,other
31,24211,338954,Mrs. Kelly Cardenas,teri-garr_buenos-aires_2019-09-20_law,2014-08-13T03:48:50.000Z,legal
30,3750,18750,Ms Adrian Ayala, Termination of Employment Agreement   ,1989-03-13T02:42:18.000Z,hr
119,52122,260610,Mister Frances Brandt,SUPPLY AGREEMENT  ,2000-11-02T19:25:22.000Z,sales
26,4836,29016,Ms Whitney Powers,corporation_mining_519769_senegal_santiago,2017-03-07T10:34:00.000Z,hr
22,3014,18084,Mrs Selena Morse,INTERNAL COMPANY HANDBOOK,1994-04-09T20:50:18.000Z,hr
2,904,5424,Mr. Carlos Perez,johnny-mathis-privacy-bahamas  ,1997-06-22T01:42:57.000Z,other
647,320265,1921590,Ms. Joye Mclin,press-19-iraq,2007-03-22T12:36:48.000Z,other
58,10904,54520,Mister Mack Karls,Employee Redundancy Agreement,1981-11-28T15:00:45.000Z,hr
62,27962,195734,Mr Dalton Carrillo,switzerland_vintage_victoria  ,1982-06-18T00:03:31.000Z,sales
61,30195,211365,Mrs. Cindy Gentry,footer_lithuania_kate-gosselin_culture,1991-12-28T21:37:38.000Z,sales
16,10128,141792,Ms Ester Ferrell,Mutual confidentiality agreement,2016-01-15T16:11:20.000Z,legal
13,9672,96720,Ms. Esperanza Howe,army,1995-02-05T13:50:01.000Z,legal
4,2148,12888,Ms Minnie Hill,2019-09-20-martha-graham-mobile  ,2014-11-17T06:17:05.000Z,other
56,9240,55440,Ms. Dona Lewis,Individual Employment Agreement,2008-06-22T00:13:31.000Z,hr
12,7512,75120,Ms. Maribel Hogan,austria_2019-09-20_travel,2010-12-28T17:08:31.000Z,legal
68,22372,134232,Miss Kelsey Stone,culture-hook,2004-01-02T22:03:34.000Z,sales
1405,591505,2957525,Mrs Celeste Mcguire,Iliad,1999-09-29T23:23:13.000Z,other
2,918,5508,Mr Jeromy Ashley,Display Adjustment Guide ,1996-07-11T00:18:08.000Z,other
4,1612,9672,Mr. Michale Ray,Display Adjustment Guide ,1987-02-12T09:52:27.000Z,other
3,1281,8967,Mrs. Esther Reames, Fiction Book,2015-05-25T23:08:50.000Z,other
84,27636,165816,Mr Raul Allen, colombia-meditation-large-2019-osama-bin-laden,2003-10-17T18:50:50.000Z,sales
84,26880,107520,Mr. Dwight Murphy,norman-mailer_sm_future_190920_header,2009-06-02T00:09:23.000Z,sales
36,27432,329184,Ms Allison Russell,limited liability company agreement  ,2018-01-02T22:12:46.000Z,legal
3,1509,10563,Mr. Adan Wyatt,mining-congo-fiber  ,1999-07-09T02:38:23.000Z,other
64,7360,51520,Mr. Daren Hatfield,Employment Agreement  ,1997-09-15T03:07:10.000Z,hr
995,525360,2626800,Mr Modesto Watts,Trade-in  ,2010-02-15T11:45:51.000Z,other
1231,535485,3212910,Mrs Elma Fowler,Document-1,2012-04-17T00:29:50.000Z,other
35,25655,256550,Ms Dona Lewis,viggo-mortensen_politics,1989-01-25T13:38:18.000Z,legal
1,476,2856,Mister Stephen Estes,There and Back again  ,2007-11-19T04:54:41.000Z,other
146,46866,187464,Miss Joann Osborn,Managed services agreement  ,1996-03-14T22:01:08.000Z,sales
31,5766,34596,Miss Dixie Nelson, photos_america_adamstown_7472_glory,1990-06-15T12:05:58.000Z,hr
277,254563,2036504,Mrs. Imogene Wells,kenya-danny-boyle-blow-khartoum  ,1983-09-30T02:24:10.000Z,admin
51,23205,92820,Mister Mack Karls,SUPPLY AGREEMENT,2010-11-25T13:08:23.000Z,sales
2,1088,7616,Miss Imogene Wells,science_sm_montenegro_2019_martin-van-buren  ,1992-10-17T08:33:18.000Z,other
659,297868,2085076,Mr Angelo Higgins,guinea-saipan-isaac-asimov-large-counter-2019,2000-05-14T01:05:29.000Z,other
1293,522372,3134232,Mr. Rueben Steele, large_iceland_military_owen-hart,2014-03-03T20:37:56.000Z,other
17,2125,10625,Mrs. Christa Keller,art_history_boy-george,1992-04-15T07:40:55.000Z,hr
66,11946,59730,Ms. Jami Newton, Termination of Employment Agreement ,1986-12-07T02:25:51.000Z,hr
49,8134,48804,Mister Kelley Maynard,INDEPENDENT CONTRACTOR SERVICES AGREEMENT,1984-06-25T22:48:05.000Z,hr
2,826,5782,Mister Corey Bass,"CLIENT	CONTACT	DETAILS",2005-05-24T22:38:42.000Z,other
1,459,2295,Mister Colby Nash,{X},2013-07-13T12:34:21.000Z,other
62,21576,129456,Mr. Isiah Norris,mary-pickford_jamaica,1988-03-14T21:25:06.000Z,sales
13,8528,85280,Ms. Cynthia Sherman,ecuador_top_tv_20190920,1983-05-11T01:10:10.000Z,legal
1115,493945,3457615,Mister Thaddeus Davies,Othello,1996-07-13T23:43:06.000Z,other
1444,587708,4113956,Miss Rosanne Macdonald,UNKNOWN,2016-10-26T18:37:35.000Z,other
58,9628,57768,Miss Cynthia Sherman, Employee Redundancy Agreement,1991-11-09T12:02:07.000Z,hr
22,14014,140140,Mister Ike Baxter,Non-Disclosure Agreement,1995-10-10T08:29:06.000Z,legal
27,3645,18225,Mrs Elanor Hilker, Agreement to Terminate the Fixed-Term Employment Contract,2016-03-02T09:02:33.000Z,hr
1641,666246,3331230,Mr Ethan Holland,Bus Timetable,2018-06-18T14:14:56.000Z,other
152,142120,994840,Mr. Santos Frazier, Lease – Office,1996-06-24T15:31:58.000Z,admin
104,97968,685776,Mrs Marylou Mcneil,army_moon_mauritania,1982-08-13T03:59:01.000Z,admin
2,812,5684,Mr. Pierre Baird,Untitled  ,2001-08-13T14:20:08.000Z,other
510,277440,1664640,Miss Marina Barry,The Lord of the Rings,2018-08-09T15:46:57.000Z,other
48,7200,43200,Ms Laurie Ford,Employee Benefits,2018-10-16T00:12:12.000Z,hr
1950,1039350,7275450,Miss Sanjuana Merryman,"CLIENT	CONTACT	DETAILS  ",1989-05-01T16:52:32.000Z,other
1256,536312,2681560,Mr Douglass Santana,Copy of Document,2002-10-01T12:35:00.000Z,other
7,4613,55356,Miss Zora Stringham,Mutual Confidentiality Agreement,1985-02-12T11:03:00.000Z,legal
4,2428,29136,Mrs. Lillie Bryan,drop_guides_1054862_mark-spitz_italy  ,2014-08-23T16:07:53.000Z,legal
3,1614,8070,Ms. Diann Oconnell, Trade-in,1983-11-25T12:02:02.000Z,other
36,3960,23760,Mrs. Esmeralda Mora,Employment Agreement  ,1987-02-16T09:15:47.000Z,hr
105,31605,126420,Mrs. Carolina Ingram,Software Licence,1990-02-11T22:00:21.000Z,sales
109,37387,224322,Mister Napoleon Griffith,SERVICES AGREEMENT,1993-09-07T13:11:52.000Z,sales
66,29898,149490,Mister Jaime Pollard,AGREEMENT FOR SUPPLY OF SERVICES,2002-06-22T16:43:31.000Z,sales
898,371772,2230632,Mr Mack Karls,King Lear,2010-10-01T23:02:17.000Z,other
3,1533,10731,Mrs Sharlene Underwood,The Lord of the Rings  ,2005-04-20T20:56:38.000Z,other
50,16600,116200,Miss Natalie Gomez,Software as a Service Subscription Agreement  ,2013-04-11T04:49:53.000Z,sales
4,1972,13804,Miss Audra Conley,xs-congo-wellington-linda-lavin,1984-04-22T19:18:09.000Z,other
3,1647,9882,Mrs. Caroline Knapp,Train timetable,1998-05-26T03:21:50.000Z,other
61,10614,53070,Mrs. Roslyn Anthony, 25132_pencil_valerie-perrine_togo,1986-09-09T17:20:26.000Z,hr
33,5907,35442,Miss Beulah Compton,help-tarawa-19,2007-01-13T23:47:36.000Z,hr
39,23712,308256,Ms. Lessie Sandoval,image_switzerland_science,1981-09-02T11:36:23.000Z,legal
14,8792,87920,Ms. Kirstie Licata,Private & Confidential  ,1998-01-30T02:57:07.000Z,legal
33,24486,269346,Ms. Virgie Lane,reservation-dann-gillen-pric-large-trinidad,2001-04-28T08:40:57.000Z,legal
3,1470,10290,Mrs. Adeline Costa, kuwait-city-sm-military-micronesia-2019,2017-12-05T00:45:07.000Z,other
38,6840,47880,Mrs Beulah Compton,guides_lilongwe_casino_algeria,2007-08-28T13:01:28.000Z,hr
71,29323,117292,Mister Randell Macias,2019-mike-modano-jordan-tv  ,1999-07-27T01:51:08.000Z,sales
59,29087,174522,Mister Eldridge Lowe, tv_germany_small_ted-knight,2003-06-21T05:57:22.000Z,sales
950,424650,2123250,Mr Santos Frazier,important information  ,1999-11-21T09:22:04.000Z,other
89,43699,218495,Mr. Troy Todd,being-405-jobs,2010-03-23T04:42:52.000Z,sales
129,119841,838887,Mr Sidney Garner,BOARD OF DIRECTOR RESOLUTION  ,2000-03-10T06:09:28.000Z,admin
784,351232,1756160,Mister Marcel Mccarthy,privacy_20190920_central-african-republic_pablo-neruda,2005-05-10T08:07:35.000Z,other
262,240778,1926224,Mr. Fabian Torres,paul-rudd_data_bangladesh,1990-03-17T13:12:14.000Z,admin
67,31959,223713,Mr Wally Dean,Software Licence Agreement  ,2013-06-21T06:55:27.000Z,sales
1,469,2814,Ms. Jody Burch,final agreement,1983-05-26T12:12:07.000Z,other
1,514,2570,Mister Vicente Daniel,agreement,1990-02-22T21:04:47.000Z,other
1355,579940,2899700,Mrs. Cherie Boyle, important information,2011-11-28T18:53:28.000Z,other
134,45292,271752,Mr Dalton Carrillo,Services Agreement  ,1992-03-23T05:44:13.000Z,sales
868,359352,1796760,Mrs. Dora Coffey,hungary_mobile_mother_sidebar_190920_2179,2007-10-08T10:27:03.000Z,other
27,20493,204930,Miss Willa Guerrero, CONFIDENTIALITY-NON-DISCLOSURE AND NON-COMPETE AGREEMENT,1983-08-14T22:33:44.000Z,legal
23,18377,202147,Mrs. Taylor Townsend,Confidentiality Deed,2013-10-12T21:36:56.000Z,legal
661,327195,1963170,Mr Myles Benton,campaign_cameroon  ,2001-01-31T10:06:30.000Z,other
1098,562176,3373056,Miss Kristin Donovan,59083-extra-podgorica-benin-sm,1986-03-22T13:03:31.000Z,other
32,23040,299520,Mrs Saundra Short,MUTUAL NONDISCLOSURE AGREEMENT,2003-09-22T03:23:50.000Z,legal
1481,635349,3176745,Mr Dalton Carrillo,abc,1997-06-14T23:36:18.000Z,other
4,1884,9420,Miss Ofelia Tanner, gummo-marx_adamstown_training_australia_xl,2013-02-07T22:29:36.000Z,other
63,11340,79380,Mister Micheal Spector,INTERNAL COMPANY HANDBOOK,2008-08-27T16:48:49.000Z,hr
26,19760,256880,Mrs Maura Hale,Non-disclosure agreement,2005-06-13T06:54:48.000Z,legal
13,2275,13650,Ms Allison Russell,CONTRACTOR AGREEMENT,1998-04-09T10:49:24.000Z,hr
1,445,2225,Mr Johnny Mcintyre,Specification for Software,2017-09-17T13:10:47.000Z,other
72,29664,207648,Ms. Marci Sloan,xs-technology-2019-plot,2014-06-04T17:33:33.000Z,sales
16,12176,146112,Mrs Inez Booth, small_bow-wow_19_books_left,1981-07-13T15:08:21.000Z,legal
51,6885,48195,Mrs. Vanessa Cantu,INDEPENDENT CONTRACTOR SERVICES AGREEMENT  ,2016-11-17T15:14:46.000Z,hr
180,174600,1396800,Mr Cordell Krause,Sublease Agreement for the Building,2016-09-05T22:47:29.000Z,admin
1,407,2849,Miss Mindy Newman,Bus Timetable  ,1992-04-16T00:58:52.000Z,other
9,6642,92988,Ms Brandi Case,laos_jobs_19  ,2019-04-28T00:00:09.000Z,legal
2,1020,6120,Mrs. Leigh Andersen,money-small-left-63671-finland-justin-bieber  ,1990-02-25T13:52:43.000Z,other
4,1876,11256,Ms Estell Coats,Guidebook,2013-05-23T04:59:06.000Z,other
119,49742,248710,Mrs. Clarissa Vaughn,MANUFACTURING SERVICES AGREEMENT,2017-04-17T12:00:42.000Z,sales
125,47000,282000,Mrs. Elli Hetzler,MASTER SERVICES AGREEMENT,2014-02-08T14:48:05.000Z,sales
1,505,2525,Mr. Otis Sims,Contract Sum:  ,1989-11-20T21:17:16.000Z,other
7,4634,60242,Mrs. Gabrielle Small,Confidentiality ￼￼agreement,1990-11-02T00:44:20.000Z,legal
214,194954,1559632,Mr Rueben Steele, Sublease Agreement for the Building,2011-01-31T18:47:48.000Z,admin
30,21930,241230,Miss Cheri Wilkinson, CONFIDENTIALITY-NON-DISCLOSURE AND NON-COMPETE AGREEMENT,2004-05-17T09:11:46.000Z,legal
6,3864,42504,Ms. Jeannine Hanna, ￼Confidentiality agreement,1987-01-13T10:58:30.000Z,legal
33,22143,243573,Mrs Joy Castro,medium-lithuania-climate-persuade-190920-edward-albee-dakar,2008-08-03T22:06:15.000Z,legal
1160,568400,3978800,Mister Cordell Krause,King Lear  ,2006-02-08T00:25:03.000Z,other
1388,746744,4480464,Ms Alisha Eaton,AGREEMENT  ,1981-12-11T15:13:26.000Z,other
103,49749,298494,Mister Hayden Warner,poland-el-aaiun-books-sidebar  ,2013-11-05T20:26:35.000Z,sales
6,4338,47718,Ms. Geraldine Fry,MUTUAL NONDISCLOSURE AGREEMENT  ,2006-10-12T07:08:00.000Z,legal
16,12752,127520,Miss Jerri Larsen,Agreement Terms  ,1994-04-08T10:30:51.000Z,legal
29,4901,29406,Mr. Anthony Valdez,mobile_large_costa-rica_natalie-cole  ,2015-12-17T12:44:00.000Z,hr
114,52554,262770,Ms Deeanna Molloy,footer_large_video_el-salvador_mort-sahl,1989-05-02T13:32:36.000Z,sales
22,13332,159984,Mr. Tim Blanchard,Non-disclosure agreement  ,1990-07-24T06:21:16.000Z,legal
17,12886,154632,Ms. Alexandra Herring,truck-wellington-paraguay-benny-hill-news-xl,1992-02-22T13:52:40.000Z,legal
1565,643215,4502505,Ms. Deidre Little,Q-XXXX  ,1982-05-17T00:54:42.000Z,other
58,6960,34800,Mrs. Chasity Fitzpatrick,WELCOME,1992-04-25T18:11:25.000Z,hr
74,29674,207718,Mrs Maribel Hogan,buddy-ebsen-20190920-yemen-books-steal,1991-08-25T16:02:58.000Z,sales
2,1094,6564,Miss Joann Osborn, IMPORTANT INFORMATION,2009-11-14T04:14:23.000Z,other
1189,539806,3778642,Miss Shawna Kirby,Ethics of Industry,1996-10-14T23:24:09.000Z,other
26,2834,17004,Ms Nancy Simon,Product Development | Programmer  ,2003-11-05T14:22:49.000Z,hr
109,33681,134724,Mrs Claire Kline,roseanne-navy-episkopi-cantonment-7281-efficiency,2010-12-16T06:34:27.000Z,sales
33,22902,229020,Mister Houston Clack,help-russell-crowe-4197-castries  ,1998-01-15T04:58:07.000Z,legal
40,31400,439600,Mrs. Marjorie Daniels,MUTUAL CONFIDENTIALITY AGREEMENT,2004-10-14T04:52:18.000Z,legal
31,21948,285324,Mr. Buster Braun,CONFIDENTIALITY AND NONDISCLOSURE AGREEMENT,1983-02-15T03:30:00.000Z,legal
106,104410,730870,Mr. Trenton Villanueva,sm_190920_tv,2018-12-18T11:14:22.000Z,admin
137,130424,1043392,Miss Amelia Valenzuela,OFFICE LEASE AGREEMENT  ,2014-12-17T20:41:33.000Z,admin
115,54050,324300,Mister Wilfred Stuart, Master Purchase Agreement,1991-02-26T04:50:41.000Z,sales
7,4851,67914,Ms. Vickie Maddox,Confidentiality Deed,2006-11-13T19:23:26.000Z,legal
80,27360,109440,Mr. Lemuel Fields,Intellectual Property Licence and Services Agreement,1983-06-18T01:43:18.000Z,sales
37,23976,263736,Mrs Gabrielle Small,Agreement Terms  ,1987-03-19T22:42:55.000Z,legal
287,274946,2199568,Mr. Joesph Velez,19-drama-mata-utu-robin-yount-botswana-profit,1989-12-29T06:47:42.000Z,admin
10,6900,82800,Ms. Chasity Fitzpatrick,Private & Confidential,2003-08-17T00:33:44.000Z,legal
13,2444,17108,Mrs Cherie Boyle,EMPLOYMENT AGREEMENT,2016-10-04T05:30:22.000Z,hr
39,26208,314496,Ms. Deidre Little,Non-Disclosure Agreement,2013-03-20T23:23:43.000Z,legal
10,7820,93840,Ms Wynell Martello,azerbaijan-math-sm-georgetown  ,1988-01-22T15:18:32.000Z,legal
55,5940,41580,Miss Laurel Brewer,EMPLOYMENT AGREEMENT  ,2003-04-14T22:29:06.000Z,hr
2,1014,5070,Mrs. Josephine Douglas,gay_header_jim-thorpe  ,2008-12-11T08:16:05.000Z,other
1132,588640,3531840,Ms Yvonne Stafford,Untitled  ,2017-09-15T08:22:31.000Z,other
3,1590,9540,Mr. Gregorio Roth,bottom_carmen-electra_design_suriname_windhoek,2010-07-01T17:04:43.000Z,other
1573,720434,5043038,Mister Jefferey Watkins,final agreement,2019-04-22T07:43:36.000Z,other
97,41031,164124,Mr. Denis Bradley,recommend-2019-patrick-mcgoohan-design-cameroon,2012-07-11T11:07:23.000Z,sales
249,229827,1608789,Mr. Jere Mcburney,190920-bottom-help-cuba-937,2010-06-06T13:51:22.000Z,admin
1,420,2520,Miss Sylvia Armstrong, Unresolved Unknown,2010-05-27T21:14:43.000Z,other
32,4416,30912,Miss Rosetta Friedman,John Smith,1984-02-02T15:08:20.000Z,hr
1926,884034,5304204,Mrs Cynthia Sherman,Guidebook,1984-06-06T09:04:34.000Z,other
40,4640,23200,Ms Gail Rice,John Smith,1982-09-06T16:27:38.000Z,hr
648,317520,1905120,Mr Kelley Maynard,1234,1988-06-10T01:54:22.000Z,other
61,8174,40870,Mister Cleveland Hammond,pric-xl-jerry-falwell,1986-02-08T11:37:36.000Z,hr
739,338462,1692310,Ms Elli Hetzler,PASSWORD1  ,1995-03-18T06:04:08.000Z,other
28,17052,187572,Mister Ivan Mcdowell,2019_safety_popup_brunei-darussalam_gertrude-stein_xl  ,2005-03-02T00:42:51.000Z,legal
208,200304,1602432,Mr Ismael Zhang,Sublease Agreement for the Building  ,1993-07-28T13:32:37.000Z,admin
609,278313,1669878,Mister Emmett Mcintosh,Unresolved Unknown,2007-07-18T16:51:55.000Z,other
1,481,3367,Mr. Scot Albus,Julius Caesar,2011-09-10T13:37:22.000Z,other
144,62784,439488,Mr Dee Webster, MASTER SUBSCRIPTION AGREEMENT,2012-03-09T07:47:55.000Z,sales
3,1464,10248,Mr Ward Giles,non-fiction books  ,1985-03-22T12:16:55.000Z,other
1825,994625,4973125,Miss Leigh Andersen, jobs_jane-goodall_disappointed_medium,1999-11-19T01:05:05.000Z,other
1226,540666,3243996,Mr Lesley Sampson, dabney-coleman_weather,2001-03-26T19:53:53.000Z,other
5,3275,42575,Ms Gail Rice,Agreement to Keep Information Secret,2010-08-19T17:57:21.000Z,legal
1,481,2405,Ms Venus Twiss,Copy of Document,1999-07-30T15:09:14.000Z,other
52,20488,143416,Mr. Xavier Olson,SUPPLY AGREEMENT,2010-08-03T04:49:38.000Z,sales
11,2156,15092,Miss Dawn Phelps,John Smith,2017-09-02T11:22:39.000Z,hr
125,56875,284375,Mr. Fidel Wesson,MANUFACTURING SERVICES AGREEMENT  ,2004-05-10T11:22:09.000Z,sales
1370,609650,3048250,Mr. Lowell Little,The Lord of the Rings,2018-12-05T13:58:04.000Z,other
30,23400,234000,Ms Jewell Duncan,music-noumea-right-ghana,2004-01-28T18:41:03.000Z,legal
3,1296,6480,Mister Patrick Sanders,Display Adjustment Guide ,2008-03-07T07:21:57.000Z,other
1,505,3535,Mr Jerold Hickman,tuvalu_world_quito_donny-osmond,1988-10-06T22:16:04.000Z,other
857,436213,3053491,Mr. Jake Haak,Macbeth  ,2019-05-25T11:34:29.000Z,other
877,420960,2946720,Ms Catherine Wall, Fiction Book,2014-11-27T08:10:57.000Z,other
783,406377,2438262,Mrs. Minnie Hill,Othello  ,2008-02-26T17:49:02.000Z,other
85,40545,202725,Ms Ida Ware,AGREEMENT FOR SUPPLY OF SERVICES,1993-01-14T03:10:25.000Z,sales
24,15096,150960,Mrs. Annabelle Finley,maseru-subsidy-merv-griffin-vintage  ,2018-07-04T01:03:07.000Z,legal
49,5586,33516,Miss Sonia Suarez,Executive Individual Employment Agreement,2008-08-31T14:28:14.000Z,hr
9,5958,65538,Mrs. Billie Richard,CONFIDENTIALITY AND NONDISCLOSURE AGREEMENT  ,2011-06-28T08:36:20.000Z,legal
1,466,2330,Mr Rueben Steele, port-of-spain-jerry-van-dyke-commonly-pric,1996-01-27T01:12:51.000Z,other
1,459,3213,Mrs. Krystal Galvan, features_asmara_moldova_lg_sammy-sosa,2012-03-26T18:19:50.000Z,other
3,1635,8175,Mrs Rosana Leclair,Yoga Schedule  ,2006-09-21T22:09:50.000Z,other
5,3390,40680,Mrs. Brandy Cowan,MUTUAL CONFIDENTIALITY,1987-11-02T14:10:44.000Z,legal
